8.699999999999999400e-02,8.533799999999999719e-02,8.343899999999999928e-02,8.196399999999999519e-02,8.000000000000000167e-02,7.818600000000000549e-02,7.564500000000000390e-02,7.410799999999999332e-02,7.192700000000000482e-02,6.987300000000000455e-02,6.805300000000000238e-02,6.572799999999999476e-02,6.373900000000000399e-02,6.184499999999999720e-02,5.936700000000000310e-02,5.762500000000000261e-02,5.516299999999999676e-02,5.311699999999999755e-02,5.088299999999999768e-02,4.841800000000000270e-02,4.613500000000000240e-02,4.361299999999999899e-02,4.135599999999999693e-02,3.869999999999999829e-02,3.628599999999999881e-02,3.350399999999999906e-02,3.098800000000000165e-02,2.795200000000000115e-02,2.476099999999999829e-02,2.128700000000000037e-02,1.728400000000000075e-02,1.120999999999999948e-02,1.399999999999999979e-05,0.000000000000000000e+00,0.000000000000000000e+00,0.000000000000000000e+00,0.000000000000000000e+00,0.000000000000000000e+00,0.000000000000000000e+00,0.000000000000000000e+00,0.000000000000000000e+00,0.000000000000000000e+00,0.000000000000000000e+00,0.000000000000000000e+00,0.000000000000000000e+00,0.000000000000000000e+00,0.000000000000000000e+00,0.000000000000000000e+00,0.000000000000000000e+00,0.000000000000000000e+00
8.771700000000000330e-02,8.601200000000000512e-02,8.402900000000000647e-02,8.197100000000000219e-02,8.000000000000000167e-02,7.811200000000000088e-02,7.634100000000000608e-02,7.462199999999999389e-02,7.246900000000000563e-02,7.040699999999999736e-02,6.849299999999999833e-02,6.620600000000000096e-02,6.414000000000000257e-02,6.208199999999999830e-02,5.989900000000000085e-02,5.779200000000000309e-02,5.554200000000000109e-02,5.328000000000000097e-02,5.103200000000000097e-02,4.876699999999999785e-02,4.632700000000000012e-02,4.404700000000000282e-02,4.147200000000000192e-02,3.908500000000000169e-02,3.649199999999999666e-02,3.375299999999999828e-02,3.104900000000000021e-02,2.809000000000000039e-02,2.499900000000000039e-02,2.146400000000000044e-02,1.767000000000000168e-02,1.116200000000000005e-02,7.999999999999999638e-06,0.000000000000000000e+00,0.000000000000000000e+00,0.000000000000000000e+00,0.000000000000000000e+00,0.000000000000000000e+00,0.000000000000000000e+00,0.000000000000000000e+00,0.000000000000000000e+00,0.000000000000000000e+00,0.000000000000000000e+00,0.000000000000000000e+00,0.000000000000000000e+00,0.000000000000000000e+00,0.000000000000000000e+00,0.000000000000000000e+00,0.000000000000000000e+00,0.000000000000000000e+00
8.772399999999999642e-02,8.627600000000000546e-02,8.400000000000000522e-02,8.255200000000000038e-02,8.062300000000000022e-02,7.882500000000000617e-02,7.687700000000000089e-02,7.456999999999999740e-02,7.249700000000000588e-02,7.076399999999999357e-02,6.847300000000000608e-02,6.666700000000000403e-02,6.451999999999999402e-02,6.249299999999999994e-02,6.023599999999999788e-02,5.813000000000000111e-02,5.587000000000000299e-02,5.348599999999999882e-02,5.127999999999999919e-02,4.901400000000000201e-02,4.671299999999999758e-02,4.425300000000000067e-02,4.184100000000000319e-02,3.922699999999999798e-02,3.660800000000000165e-02,3.401300000000000157e-02,3.122700000000000128e-02,2.830900000000000083e-02,2.515399999999999928e-02,2.183999999999999830e-02,1.741799999999999946e-02,1.178799999999999987e-02,9.999999999999999547e-07,0.000000000000000000e+00,0.000000000000000000e+00,0.000000000000000000e+00,0.000000000000000000e+00,0.000000000000000000e+00,0.000000000000000000e+00,0.000000000000000000e+00,0.000000000000000000e+00,0.000000000000000000e+00,0.000000000000000000e+00,0.000000000000000000e+00,0.000000000000000000e+00,0.000000000000000000e+00,0.000000000000000000e+00,0.000000000000000000e+00,0.000000000000000000e+00,0.000000000000000000e+00
8.841400000000000647e-02,8.627200000000000146e-02,8.471599999999999964e-02,8.264299999999999424e-02,8.068999999999999784e-02,7.868899999999999506e-02,7.692699999999999538e-02,7.520899999999999808e-02,7.299500000000000433e-02,7.089600000000000068e-02,6.895999999999999353e-02,6.679100000000000315e-02,6.491600000000000148e-02,6.248399999999999788e-02,6.062599999999999933e-02,5.832099999999999784e-02,5.617799999999999877e-02,5.376399999999999929e-02,5.153900000000000148e-02,4.926900000000000029e-02,4.693399999999999656e-02,4.442900000000000321e-02,4.202499999999999986e-02,3.950000000000000039e-02,3.689900000000000124e-02,3.424200000000000160e-02,3.140699999999999742e-02,2.848099999999999937e-02,2.543300000000000075e-02,2.193300000000000111e-02,1.749399999999999913e-02,1.181199999999999958e-02,9.999999999999999547e-07,0.000000000000000000e+00,0.000000000000000000e+00,0.000000000000000000e+00,0.000000000000000000e+00,0.000000000000000000e+00,0.000000000000000000e+00,0.000000000000000000e+00,0.000000000000000000e+00,0.000000000000000000e+00,0.000000000000000000e+00,0.000000000000000000e+00,0.000000000000000000e+00,0.000000000000000000e+00,0.000000000000000000e+00,0.000000000000000000e+00,0.000000000000000000e+00,0.000000000000000000e+00
8.841200000000000447e-02,8.695799999999999363e-02,8.475499999999999701e-02,8.333400000000000529e-02,8.138499999999999901e-02,7.928100000000000425e-02,7.752900000000000069e-02,7.528600000000000569e-02,7.340599999999999903e-02,7.149500000000000299e-02,6.936599999999999711e-02,6.710399999999999698e-02,6.494199999999999973e-02,6.291299999999999670e-02,6.077500000000000263e-02,5.848199999999999926e-02,5.648399999999999949e-02,5.405900000000000288e-02,5.179899999999999782e-02,4.949800000000000033e-02,4.716900000000000259e-02,4.467299999999999743e-02,4.218899999999999734e-02,3.967600000000000293e-02,3.711699999999999722e-02,3.438599999999999990e-02,3.160500000000000115e-02,2.868000000000000063e-02,2.551099999999999896e-02,2.208799999999999999e-02,1.803300000000000042e-02,1.106599999999999945e-02,1.399999999999999979e-05,0.000000000000000000e+00,0.000000000000000000e+00,0.000000000000000000e+00,0.000000000000000000e+00,0.000000000000000000e+00,0.000000000000000000e+00,0.000000000000000000e+00,0.000000000000000000e+00,0.000000000000000000e+00,0.000000000000000000e+00,0.000000000000000000e+00,0.000000000000000000e+00,0.000000000000000000e+00,0.000000000000000000e+00,0.000000000000000000e+00,0.000000000000000000e+00,0.000000000000000000e+00
8.919799999999999951e-02,8.700800000000000201e-02,8.550800000000000067e-02,8.329499999999999404e-02,8.127900000000000402e-02,7.943000000000000060e-02,7.749100000000000432e-02,7.580000000000000626e-02,7.347099999999999465e-02,7.152200000000000224e-02,6.935700000000000198e-02,6.763900000000000468e-02,6.528599999999999681e-02,6.328000000000000291e-02,6.097000000000000336e-02,5.884699999999999653e-02,5.663800000000000084e-02,5.435099999999999654e-02,5.208800000000000235e-02,4.973999999999999949e-02,4.738200000000000051e-02,4.495099999999999790e-02,4.244099999999999956e-02,3.992500000000000215e-02,3.730499999999999788e-02,3.459099999999999675e-02,3.181300000000000100e-02,2.887899999999999842e-02,2.571199999999999875e-02,2.224900000000000141e-02,1.828000000000000111e-02,1.153299999999999985e-02,3.999999999999999819e-06,0.000000000000000000e+00,0.000000000000000000e+00,0.000000000000000000e+00,0.000000000000000000e+00,0.000000000000000000e+00,0.000000000000000000e+00,0.000000000000000000e+00,0.000000000000000000e+00,0.000000000000000000e+00,0.000000000000000000e+00,0.000000000000000000e+00,0.000000000000000000e+00,0.000000000000000000e+00,0.000000000000000000e+00,0.000000000000000000e+00,0.000000000000000000e+00,0.000000000000000000e+00
8.920100000000000251e-02,8.779900000000000204e-02,8.543100000000000693e-02,8.403499999999999859e-02,8.196499999999999619e-02,8.000000000000000167e-02,7.813499999999999612e-02,7.577499999999999514e-02,7.407999999999999308e-02,7.193700000000000094e-02,6.993099999999999317e-02,6.775699999999999779e-02,6.574699999999999989e-02,6.367899999999999949e-02,6.134300000000000169e-02,5.918000000000000344e-02,5.682100000000000345e-02,5.463799999999999907e-02,5.236099999999999782e-02,5.000000000000000278e-02,4.759599999999999942e-02,4.525099999999999956e-02,4.272000000000000103e-02,4.016499999999999931e-02,3.756999999999999923e-02,3.484399999999999997e-02,3.202200000000000185e-02,2.902700000000000072e-02,2.588000000000000023e-02,2.215999999999999914e-02,1.802000000000000129e-02,1.194899999999999955e-02,0.000000000000000000e+00,0.000000000000000000e+00,0.000000000000000000e+00,0.000000000000000000e+00,0.000000000000000000e+00,0.000000000000000000e+00,0.000000000000000000e+00,0.000000000000000000e+00,0.000000000000000000e+00,0.000000000000000000e+00,0.000000000000000000e+00,0.000000000000000000e+00,0.000000000000000000e+00,0.000000000000000000e+00,0.000000000000000000e+00,0.000000000000000000e+00,0.000000000000000000e+00,0.000000000000000000e+00
8.999999999999999667e-02,8.781100000000000017e-02,8.617900000000000560e-02,8.401000000000000134e-02,8.201100000000000056e-02,8.003699999999999704e-02,7.812399999999999900e-02,7.633199999999999708e-02,7.408399999999999708e-02,7.242700000000000526e-02,7.031900000000000650e-02,6.802600000000000313e-02,6.585399999999999587e-02,6.370199999999999474e-02,6.172799999999999815e-02,5.951599999999999946e-02,5.714700000000000335e-02,5.494700000000000278e-02,5.262100000000000111e-02,5.025299999999999906e-02,4.785899999999999876e-02,4.545099999999999835e-02,4.295500000000000013e-02,4.042199999999999960e-02,3.772400000000000059e-02,3.505799999999999889e-02,3.221799999999999664e-02,2.927300000000000041e-02,2.584600000000000092e-02,2.277799999999999964e-02,1.805199999999999860e-02,1.106099999999999965e-02,4.600000000000000004e-05,0.000000000000000000e+00,0.000000000000000000e+00,0.000000000000000000e+00,0.000000000000000000e+00,0.000000000000000000e+00,0.000000000000000000e+00,0.000000000000000000e+00,0.000000000000000000e+00,0.000000000000000000e+00,0.000000000000000000e+00,0.000000000000000000e+00,0.000000000000000000e+00,0.000000000000000000e+00,0.000000000000000000e+00,0.000000000000000000e+00,0.000000000000000000e+00,0.000000000000000000e+00
8.999999999999999667e-02,8.855000000000000371e-02,8.623899999999999622e-02,8.468199999999999339e-02,8.265400000000000524e-02,8.067599999999999771e-02,7.871200000000000419e-02,7.678400000000000503e-02,7.462100000000000677e-02,7.248400000000000676e-02,7.041300000000000336e-02,6.849500000000000033e-02,6.623300000000000021e-02,6.409700000000000120e-02,6.211599999999999761e-02,5.985499999999999848e-02,5.746699999999999725e-02,5.526600000000000262e-02,5.288400000000000045e-02,5.054899999999999671e-02,4.812999999999999917e-02,4.565999999999999920e-02,4.318500000000000116e-02,4.062500000000000139e-02,3.795799999999999869e-02,3.523899999999999949e-02,3.245499999999999774e-02,2.948999999999999885e-02,2.629099999999999840e-02,2.218499999999999986e-02,1.805000000000000007e-02,1.200799999999999958e-02,0.000000000000000000e+00,0.000000000000000000e+00,0.000000000000000000e+00,0.000000000000000000e+00,0.000000000000000000e+00,0.000000000000000000e+00,0.000000000000000000e+00,0.000000000000000000e+00,0.000000000000000000e+00,0.000000000000000000e+00,0.000000000000000000e+00,0.000000000000000000e+00,0.000000000000000000e+00,0.000000000000000000e+00,0.000000000000000000e+00,0.000000000000000000e+00,0.000000000000000000e+00,0.000000000000000000e+00
9.074999999999999734e-02,8.847800000000000109e-02,8.696099999999999663e-02,8.472000000000000364e-02,8.273199999999999998e-02,8.097600000000000631e-02,7.875100000000000156e-02,7.692200000000000426e-02,7.517500000000000571e-02,7.298799999999999732e-02,7.092099999999999793e-02,6.883100000000000329e-02,6.666199999999999903e-02,6.452499999999999902e-02,6.214100000000000179e-02,5.997000000000000247e-02,5.780300000000000021e-02,5.554599999999999815e-02,5.318500000000000311e-02,5.076499999999999763e-02,4.838499999999999746e-02,4.589200000000000224e-02,4.345299999999999857e-02,4.083200000000000024e-02,3.818699999999999872e-02,3.546699999999999853e-02,3.262400000000000022e-02,2.961499999999999896e-02,2.641399999999999998e-02,2.285299999999999832e-02,1.807500000000000079e-02,1.201200000000000011e-02,0.000000000000000000e+00,0.000000000000000000e+00,0.000000000000000000e+00,0.000000000000000000e+00,0.000000000000000000e+00,0.000000000000000000e+00,0.000000000000000000e+00,0.000000000000000000e+00,0.000000000000000000e+00,0.000000000000000000e+00,0.000000000000000000e+00,0.000000000000000000e+00,0.000000000000000000e+00,0.000000000000000000e+00,0.000000000000000000e+00,0.000000000000000000e+00,0.000000000000000000e+00,0.000000000000000000e+00
9.097500000000000031e-02,8.912499999999999589e-02,8.698200000000000376e-02,8.545800000000000618e-02,8.336899999999999866e-02,8.126700000000000590e-02,7.936400000000000399e-02,7.750999999999999557e-02,7.518700000000000383e-02,7.318600000000000105e-02,7.098000000000000143e-02,6.896800000000000153e-02,6.690799999999999526e-02,6.475699999999999512e-02,6.250100000000000100e-02,6.024199999999999694e-02,5.813800000000000218e-02,5.585500000000000187e-02,5.347699999999999676e-02,5.103599999999999803e-02,4.866600000000000092e-02,4.618699999999999889e-02,4.365100000000000230e-02,4.109199999999999658e-02,3.844100000000000295e-02,3.568500000000000144e-02,3.285199999999999926e-02,2.984200000000000047e-02,2.666100000000000067e-02,2.288300000000000056e-02,1.897400000000000128e-02,1.205700000000000001e-02,0.000000000000000000e+00,0.000000000000000000e+00,0.000000000000000000e+00,0.000000000000000000e+00,0.000000000000000000e+00,0.000000000000000000e+00,0.000000000000000000e+00,0.000000000000000000e+00,0.000000000000000000e+00,0.000000000000000000e+00,0.000000000000000000e+00,0.000000000000000000e+00,0.000000000000000000e+00,0.000000000000000000e+00,0.000000000000000000e+00,0.000000000000000000e+00,0.000000000000000000e+00,0.000000000000000000e+00
9.108499999999999930e-02,8.928300000000000125e-02,8.769599999999999618e-02,8.546099999999999530e-02,8.334999999999999354e-02,8.184500000000000108e-02,7.970800000000000107e-02,7.752699999999999869e-02,7.573900000000000077e-02,7.352599999999999414e-02,7.144200000000000550e-02,6.943599999999999772e-02,6.712100000000000011e-02,6.495199999999999585e-02,6.288000000000000533e-02,6.061899999999999927e-02,5.846799999999999914e-02,5.616399999999999865e-02,5.375400000000000317e-02,5.137900000000000106e-02,4.896799999999999764e-02,4.648800000000000154e-02,4.391400000000000164e-02,4.131200000000000150e-02,3.865799999999999792e-02,3.589400000000000229e-02,3.303600000000000286e-02,3.005599999999999938e-02,2.682800000000000115e-02,2.295700000000000171e-02,1.892399999999999985e-02,1.200400000000000078e-02,0.000000000000000000e+00,0.000000000000000000e+00,0.000000000000000000e+00,0.000000000000000000e+00,0.000000000000000000e+00,0.000000000000000000e+00,0.000000000000000000e+00,0.000000000000000000e+00,0.000000000000000000e+00,0.000000000000000000e+00,0.000000000000000000e+00,0.000000000000000000e+00,0.000000000000000000e+00,0.000000000000000000e+00,0.000000000000000000e+00,0.000000000000000000e+00,0.000000000000000000e+00,0.000000000000000000e+00
9.171300000000000285e-02,8.999799999999999467e-02,8.770799999999999430e-02,8.623000000000000109e-02,8.403599999999999959e-02,8.196399999999999519e-02,8.000000000000000167e-02,7.811800000000000688e-02,7.581100000000000338e-02,7.404800000000000271e-02,7.193399999999999794e-02,6.973999999999999644e-02,6.756299999999999806e-02,6.535799999999999943e-02,6.327299999999999591e-02,6.098200000000000148e-02,5.872200000000000336e-02,5.638399999999999662e-02,5.404199999999999976e-02,5.157699999999999785e-02,4.921899999999999886e-02,4.671999999999999764e-02,4.421300000000000230e-02,4.156800000000000078e-02,3.887899999999999689e-02,3.614499999999999658e-02,3.328500000000000208e-02,3.018200000000000049e-02,2.694099999999999967e-02,2.313199999999999978e-02,1.805100000000000107e-02,1.201100000000000084e-02,0.000000000000000000e+00,0.000000000000000000e+00,0.000000000000000000e+00,0.000000000000000000e+00,0.000000000000000000e+00,0.000000000000000000e+00,0.000000000000000000e+00,0.000000000000000000e+00,0.000000000000000000e+00,0.000000000000000000e+00,0.000000000000000000e+00,0.000000000000000000e+00,0.000000000000000000e+00,0.000000000000000000e+00,0.000000000000000000e+00,0.000000000000000000e+00,0.000000000000000000e+00,0.000000000000000000e+00
9.175600000000000422e-02,9.011299999999999866e-02,8.844200000000000672e-02,8.618599999999999872e-02,8.419400000000000495e-02,8.260599999999999887e-02,8.063399999999999734e-02,7.815099999999999825e-02,7.633500000000000008e-02,7.407900000000000595e-02,7.195799999999999419e-02,6.992700000000000304e-02,6.801400000000000501e-02,6.578499999999999626e-02,6.346899999999999764e-02,6.131299999999999945e-02,5.885599999999999860e-02,5.655700000000000310e-02,5.433899999999999841e-02,5.182699999999999807e-02,4.947800000000000115e-02,4.694099999999999662e-02,4.444000000000000034e-02,4.182700000000000307e-02,3.914900000000000324e-02,3.636099999999999749e-02,3.350299999999999806e-02,3.048400000000000068e-02,2.668399999999999939e-02,2.306899999999999923e-02,1.903600000000000084e-02,1.201699999999999990e-02,0.000000000000000000e+00,0.000000000000000000e+00,0.000000000000000000e+00,0.000000000000000000e+00,0.000000000000000000e+00,0.000000000000000000e+00,0.000000000000000000e+00,0.000000000000000000e+00,0.000000000000000000e+00,0.000000000000000000e+00,0.000000000000000000e+00,0.000000000000000000e+00,0.000000000000000000e+00,0.000000000000000000e+00,0.000000000000000000e+00,0.000000000000000000e+00,0.000000000000000000e+00,0.000000000000000000e+00
9.253599999999999326e-02,9.064999999999999447e-02,8.849600000000000521e-02,8.695700000000000651e-02,8.473300000000000276e-02,8.264299999999999424e-02,8.065799999999999359e-02,7.873900000000000343e-02,7.688899999999999901e-02,7.464600000000000402e-02,7.246700000000000363e-02,7.042400000000000049e-02,6.815799999999999637e-02,6.602099999999999635e-02,6.369099999999999762e-02,6.149099999999999705e-02,5.916899999999999937e-02,5.682399999999999951e-02,5.462399999999999894e-02,5.211899999999999866e-02,4.973299999999999943e-02,4.720599999999999796e-02,4.464400000000000313e-02,4.206300000000000316e-02,3.934700000000000003e-02,3.660499999999999865e-02,3.368999999999999773e-02,3.066800000000000082e-02,2.737399999999999903e-02,2.314799999999999844e-02,1.806699999999999973e-02,1.201299999999999937e-02,0.000000000000000000e+00,0.000000000000000000e+00,0.000000000000000000e+00,0.000000000000000000e+00,0.000000000000000000e+00,0.000000000000000000e+00,0.000000000000000000e+00,0.000000000000000000e+00,0.000000000000000000e+00,0.000000000000000000e+00,0.000000000000000000e+00,0.000000000000000000e+00,0.000000000000000000e+00,0.000000000000000000e+00,0.000000000000000000e+00,0.000000000000000000e+00,0.000000000000000000e+00,0.000000000000000000e+00
9.255499999999999838e-02,9.091100000000000569e-02,8.920100000000000251e-02,8.695999999999999563e-02,8.498799999999999411e-02,8.331399999999999917e-02,8.129000000000000115e-02,7.908600000000000352e-02,7.691699999999999926e-02,7.502599999999999547e-02,7.298399999999999332e-02,7.073100000000000220e-02,6.849800000000000333e-02,6.622799999999999521e-02,6.410000000000000420e-02,6.174899999999999833e-02,5.952400000000000052e-02,5.715900000000000147e-02,5.492099999999999760e-02,5.245899999999999869e-02,4.999200000000000171e-02,4.748399999999999843e-02,4.488999999999999935e-02,4.226499999999999702e-02,3.955199999999999688e-02,3.679899999999999838e-02,3.390100000000000058e-02,3.085299999999999848e-02,2.752100000000000032e-02,2.335599999999999829e-02,1.883500000000000105e-02,1.200900000000000058e-02,0.000000000000000000e+00,0.000000000000000000e+00,0.000000000000000000e+00,0.000000000000000000e+00,0.000000000000000000e+00,0.000000000000000000e+00,0.000000000000000000e+00,0.000000000000000000e+00,0.000000000000000000e+00,0.000000000000000000e+00,0.000000000000000000e+00,0.000000000000000000e+00,0.000000000000000000e+00,0.000000000000000000e+00,0.000000000000000000e+00,0.000000000000000000e+00,0.000000000000000000e+00,0.000000000000000000e+00
9.334699999999999942e-02,9.112699999999999967e-02,8.928800000000000625e-02,8.765599999999999781e-02,8.546600000000000030e-02,8.333799999999999542e-02,8.129200000000000315e-02,7.936999999999999611e-02,7.752299999999999469e-02,7.519199999999999495e-02,7.301199999999999357e-02,7.091899999999999593e-02,6.896199999999999553e-02,6.666600000000000303e-02,6.451900000000000690e-02,6.211499999999999660e-02,5.988000000000000267e-02,5.751400000000000262e-02,5.520900000000000113e-02,5.273499999999999716e-02,5.025099999999999706e-02,4.775399999999999784e-02,4.517299999999999788e-02,4.253799999999999942e-02,3.982900000000000329e-02,3.703800000000000148e-02,3.413900000000000268e-02,3.106799999999999840e-02,2.758599999999999941e-02,2.380499999999999977e-02,1.837599999999999997e-02,1.294599999999999917e-02,0.000000000000000000e+00,0.000000000000000000e+00,0.000000000000000000e+00,0.000000000000000000e+00,0.000000000000000000e+00,0.000000000000000000e+00,0.000000000000000000e+00,0.000000000000000000e+00,0.000000000000000000e+00,0.000000000000000000e+00,0.000000000000000000e+00,0.000000000000000000e+00,0.000000000000000000e+00,0.000000000000000000e+00,0.000000000000000000e+00,0.000000000000000000e+00,0.000000000000000000e+00,0.000000000000000000e+00
9.337800000000000267e-02,9.175999999999999435e-02,8.992200000000000193e-02,8.771900000000000530e-02,8.591200000000000225e-02,8.403099999999999459e-02,8.196399999999999519e-02,7.999000000000000554e-02,7.754700000000000482e-02,7.575400000000000189e-02,7.352300000000000502e-02,7.143399999999999750e-02,6.918199999999999350e-02,6.706900000000000361e-02,6.471300000000000663e-02,6.249500000000000194e-02,6.022399999999999975e-02,5.780600000000000321e-02,5.549699999999999772e-02,5.299399999999999944e-02,5.049300000000000316e-02,4.803099999999999731e-02,4.545699999999999741e-02,4.279399999999999871e-02,4.008199999999999957e-02,3.726200000000000345e-02,3.434199999999999753e-02,3.128500000000000031e-02,2.815499999999999947e-02,2.364000000000000129e-02,1.905000000000000096e-02,1.301800000000000006e-02,0.000000000000000000e+00,0.000000000000000000e+00,0.000000000000000000e+00,0.000000000000000000e+00,0.000000000000000000e+00,0.000000000000000000e+00,0.000000000000000000e+00,0.000000000000000000e+00,0.000000000000000000e+00,0.000000000000000000e+00,0.000000000000000000e+00,0.000000000000000000e+00,0.000000000000000000e+00,0.000000000000000000e+00,0.000000000000000000e+00,0.000000000000000000e+00,0.000000000000000000e+00,0.000000000000000000e+00
9.401600000000000235e-02,9.179600000000000259e-02,9.009399999999999353e-02,8.842300000000000160e-02,8.620800000000000685e-02,8.403800000000000159e-02,8.198400000000000132e-02,8.000000000000000167e-02,7.814400000000000512e-02,7.579500000000000126e-02,7.397199999999999609e-02,7.170600000000000585e-02,6.944000000000000172e-02,6.717399999999999760e-02,6.492599999999999760e-02,6.285000000000000309e-02,6.051499999999999935e-02,5.814500000000000224e-02,5.574899999999999994e-02,5.325200000000000072e-02,5.075699999999999656e-02,4.828600000000000253e-02,4.569000000000000145e-02,4.306600000000000011e-02,4.030199999999999755e-02,3.751100000000000267e-02,3.457600000000000257e-02,3.151000000000000328e-02,2.818800000000000125e-02,2.336699999999999888e-02,1.895499999999999963e-02,1.294400000000000064e-02,0.000000000000000000e+00,0.000000000000000000e+00,0.000000000000000000e+00,0.000000000000000000e+00,0.000000000000000000e+00,0.000000000000000000e+00,0.000000000000000000e+00,0.000000000000000000e+00,0.000000000000000000e+00,0.000000000000000000e+00,0.000000000000000000e+00,0.000000000000000000e+00,0.000000000000000000e+00,0.000000000000000000e+00,0.000000000000000000e+00,0.000000000000000000e+00,0.000000000000000000e+00,0.000000000000000000e+00
9.422999999999999432e-02,9.267300000000000537e-02,9.034999999999999976e-02,8.848599999999999521e-02,8.627600000000000546e-02,8.472599999999999576e-02,8.263099999999999612e-02,8.064999999999999947e-02,7.825300000000000311e-02,7.632899999999999407e-02,7.407800000000000495e-02,7.193700000000000094e-02,6.992600000000000204e-02,6.757299999999999418e-02,6.535100000000000631e-02,6.314999999999999780e-02,6.071399999999999714e-02,5.844599999999999795e-02,5.601799999999999835e-02,5.351999999999999813e-02,5.104299999999999810e-02,4.852800000000000169e-02,4.596299999999999691e-02,4.327799999999999703e-02,4.057000000000000189e-02,3.774999999999999883e-02,3.483300000000000285e-02,3.180399999999999894e-02,2.764399999999999843e-02,2.398399999999999838e-02,1.920499999999999985e-02,1.206699999999999960e-02,2.000000000000000164e-05,0.000000000000000000e+00,0.000000000000000000e+00,0.000000000000000000e+00,0.000000000000000000e+00,0.000000000000000000e+00,0.000000000000000000e+00,0.000000000000000000e+00,0.000000000000000000e+00,0.000000000000000000e+00,0.000000000000000000e+00,0.000000000000000000e+00,0.000000000000000000e+00,0.000000000000000000e+00,0.000000000000000000e+00,0.000000000000000000e+00,0.000000000000000000e+00,0.000000000000000000e+00
9.447300000000000142e-02,9.262800000000000200e-02,9.087900000000000145e-02,8.885700000000000542e-02,8.695600000000000551e-02,8.475800000000000001e-02,8.265799999999999537e-02,8.064000000000000334e-02,7.873900000000000343e-02,7.680700000000000027e-02,7.463200000000000389e-02,7.245999999999999663e-02,7.030500000000000638e-02,6.802400000000000113e-02,6.578900000000000026e-02,6.337800000000000378e-02,6.099000000000000254e-02,5.877700000000000286e-02,5.630199999999999788e-02,5.381099999999999772e-02,5.132300000000000056e-02,4.878099999999999797e-02,4.621999999999999720e-02,4.352999999999999925e-02,4.078400000000000081e-02,3.797699999999999687e-02,3.504399999999999876e-02,3.197900000000000048e-02,2.868599999999999969e-02,2.338600000000000054e-02,1.992000000000000021e-02,1.201999999999999943e-02,0.000000000000000000e+00,0.000000000000000000e+00,0.000000000000000000e+00,0.000000000000000000e+00,0.000000000000000000e+00,0.000000000000000000e+00,0.000000000000000000e+00,0.000000000000000000e+00,0.000000000000000000e+00,0.000000000000000000e+00,0.000000000000000000e+00,0.000000000000000000e+00,0.000000000000000000e+00,0.000000000000000000e+00,0.000000000000000000e+00,0.000000000000000000e+00,0.000000000000000000e+00,0.000000000000000000e+00
9.514100000000000334e-02,9.343300000000000216e-02,9.112099999999999367e-02,8.929299999999999737e-02,8.705899999999999750e-02,8.544400000000000606e-02,8.333699999999999442e-02,8.129400000000000515e-02,7.933600000000000374e-02,7.691399999999999626e-02,7.481000000000000150e-02,7.256600000000000550e-02,7.042199999999999849e-02,6.823500000000000398e-02,6.590500000000000524e-02,6.367799999999999849e-02,6.136400000000000188e-02,5.900899999999999895e-02,5.651300000000000073e-02,5.407399999999999707e-02,5.160599999999999909e-02,4.904300000000000326e-02,4.648999999999999660e-02,4.382400000000000184e-02,4.107899999999999746e-02,3.821800000000000197e-02,3.528300000000000186e-02,3.218300000000000327e-02,2.887299999999999936e-02,2.442100000000000173e-02,2.002900000000000166e-02,1.301599999999999979e-02,0.000000000000000000e+00,0.000000000000000000e+00,0.000000000000000000e+00,0.000000000000000000e+00,0.000000000000000000e+00,0.000000000000000000e+00,0.000000000000000000e+00,0.000000000000000000e+00,0.000000000000000000e+00,0.000000000000000000e+00,0.000000000000000000e+00,0.000000000000000000e+00,0.000000000000000000e+00,0.000000000000000000e+00,0.000000000000000000e+00,0.000000000000000000e+00,0.000000000000000000e+00,0.000000000000000000e+00
9.526099999999999846e-02,9.344700000000000228e-02,9.172500000000000098e-02,8.960500000000000409e-02,8.771400000000000030e-02,8.547200000000000630e-02,8.338500000000000079e-02,8.130999999999999339e-02,7.936500000000000499e-02,7.751399999999999957e-02,7.517999999999999683e-02,7.299400000000000333e-02,7.091899999999999593e-02,6.851899999999999658e-02,6.624800000000000133e-02,6.410200000000000620e-02,6.173000000000000015e-02,5.938000000000000222e-02,5.687400000000000094e-02,5.441599999999999909e-02,5.190299999999999775e-02,4.934399999999999897e-02,4.670599999999999752e-02,4.405499999999999694e-02,4.130000000000000338e-02,3.846499999999999919e-02,3.549999999999999684e-02,3.242400000000000143e-02,2.892000000000000126e-02,2.428299999999999903e-02,2.001899999999999860e-02,1.202199999999999970e-02,6.000000000000000152e-06,0.000000000000000000e+00,0.000000000000000000e+00,0.000000000000000000e+00,0.000000000000000000e+00,0.000000000000000000e+00,0.000000000000000000e+00,0.000000000000000000e+00,0.000000000000000000e+00,0.000000000000000000e+00,0.000000000000000000e+00,0.000000000000000000e+00,0.000000000000000000e+00,0.000000000000000000e+00,0.000000000000000000e+00,0.000000000000000000e+00,0.000000000000000000e+00,0.000000000000000000e+00
9.599699999999999900e-02,9.428200000000000469e-02,9.185300000000000409e-02,9.008599999999999941e-02,8.791100000000000303e-02,8.620099999999999985e-02,8.404000000000000359e-02,8.196000000000000507e-02,7.999599999999999766e-02,7.754900000000000682e-02,7.573399999999999577e-02,7.352300000000000502e-02,7.132199999999999651e-02,6.895999999999999353e-02,6.668499999999999428e-02,6.447899999999999465e-02,6.210999999999999854e-02,5.967800000000000188e-02,5.716000000000000247e-02,5.470499999999999668e-02,5.219599999999999934e-02,4.963200000000000250e-02,4.698399999999999799e-02,4.429999999999999910e-02,4.155099999999999766e-02,3.867799999999999710e-02,3.575799999999999812e-02,3.261599999999999916e-02,2.938999999999999946e-02,2.433000000000000093e-02,1.919099999999999973e-02,1.291199999999999987e-02,0.000000000000000000e+00,0.000000000000000000e+00,0.000000000000000000e+00,0.000000000000000000e+00,0.000000000000000000e+00,0.000000000000000000e+00,0.000000000000000000e+00,0.000000000000000000e+00,0.000000000000000000e+00,0.000000000000000000e+00,0.000000000000000000e+00,0.000000000000000000e+00,0.000000000000000000e+00,0.000000000000000000e+00,0.000000000000000000e+00,0.000000000000000000e+00,0.000000000000000000e+00,0.000000000000000000e+00
9.609900000000000386e-02,9.432899999999999618e-02,9.257200000000000151e-02,9.039400000000000213e-02,8.849700000000000621e-02,8.620600000000000485e-02,8.422899999999999832e-02,8.209400000000000031e-02,7.999799999999999967e-02,7.812199999999999700e-02,7.574899999999999689e-02,7.357500000000000151e-02,7.142800000000000538e-02,6.939599999999999935e-02,6.712300000000000211e-02,6.469999999999999363e-02,6.238199999999999995e-02,5.990299999999999792e-02,5.747499999999999831e-02,5.502100000000000046e-02,5.254700000000000343e-02,4.994900000000000034e-02,4.731099999999999889e-02,4.460100000000000176e-02,4.183800000000000019e-02,3.896299999999999764e-02,3.597800000000000303e-02,3.284299999999999720e-02,2.917099999999999901e-02,2.425100000000000172e-02,2.008400000000000116e-02,1.201999999999999943e-02,0.000000000000000000e+00,0.000000000000000000e+00,0.000000000000000000e+00,0.000000000000000000e+00,0.000000000000000000e+00,0.000000000000000000e+00,0.000000000000000000e+00,0.000000000000000000e+00,0.000000000000000000e+00,0.000000000000000000e+00,0.000000000000000000e+00,0.000000000000000000e+00,0.000000000000000000e+00,0.000000000000000000e+00,0.000000000000000000e+00,0.000000000000000000e+00,0.000000000000000000e+00,0.000000000000000000e+00
9.680999999999999328e-02,9.492200000000000637e-02,9.260300000000000475e-02,9.090700000000000169e-02,8.879199999999999593e-02,8.695300000000000251e-02,8.473700000000000676e-02,8.265599999999999337e-02,8.064200000000000534e-02,7.861600000000000532e-02,7.634299999999999420e-02,7.408099999999999408e-02,7.193499999999999894e-02,6.969200000000000395e-02,6.733400000000000496e-02,6.493699999999999473e-02,6.256100000000000549e-02,6.021599999999999869e-02,5.781599999999999934e-02,5.529400000000000287e-02,5.280399999999999677e-02,5.022200000000000275e-02,4.759700000000000042e-02,4.486699999999999716e-02,4.208499999999999741e-02,3.917600000000000249e-02,3.619900000000000201e-02,3.311599999999999960e-02,2.935799999999999868e-02,2.486700000000000021e-02,1.910500000000000045e-02,1.316400000000000035e-02,8.400000000000000348e-04,0.000000000000000000e+00,0.000000000000000000e+00,0.000000000000000000e+00,0.000000000000000000e+00,0.000000000000000000e+00,0.000000000000000000e+00,0.000000000000000000e+00,0.000000000000000000e+00,0.000000000000000000e+00,0.000000000000000000e+00,0.000000000000000000e+00,0.000000000000000000e+00,0.000000000000000000e+00,0.000000000000000000e+00,0.000000000000000000e+00,0.000000000000000000e+00,0.000000000000000000e+00
9.700899999999999801e-02,9.525000000000000133e-02,9.343700000000000616e-02,9.108499999999999930e-02,8.929900000000000337e-02,8.695999999999999563e-02,8.526599999999999457e-02,8.330899999999999417e-02,8.110299999999999454e-02,7.875300000000000356e-02,7.683600000000000152e-02,7.462699999999999889e-02,7.243600000000000039e-02,6.995200000000000029e-02,6.764000000000000568e-02,6.536799999999999555e-02,6.294700000000000295e-02,6.058999999999999803e-02,5.814600000000000324e-02,5.566000000000000114e-02,5.311300000000000049e-02,5.050400000000000028e-02,4.785400000000000070e-02,4.512599999999999945e-02,4.232799999999999757e-02,3.945200000000000096e-02,3.644100000000000117e-02,3.330899999999999833e-02,2.998400000000000024e-02,2.439600000000000102e-02,2.009499999999999828e-02,1.301500000000000053e-02,0.000000000000000000e+00,0.000000000000000000e+00,0.000000000000000000e+00,0.000000000000000000e+00,0.000000000000000000e+00,0.000000000000000000e+00,0.000000000000000000e+00,0.000000000000000000e+00,0.000000000000000000e+00,0.000000000000000000e+00,0.000000000000000000e+00,0.000000000000000000e+00,0.000000000000000000e+00,0.000000000000000000e+00,0.000000000000000000e+00,0.000000000000000000e+00,0.000000000000000000e+00,0.000000000000000000e+00
9.732999999999999985e-02,9.525400000000000533e-02,9.346400000000000541e-02,9.171999999999999598e-02,8.935800000000000687e-02,8.770899999999999530e-02,8.547100000000000530e-02,8.333300000000000429e-02,8.129999999999999727e-02,7.935300000000000686e-02,7.692400000000000626e-02,7.471099999999999963e-02,7.247599999999999876e-02,7.038800000000000612e-02,6.803900000000000226e-02,6.576999999999999513e-02,6.331100000000000616e-02,6.095400000000000124e-02,5.850000000000000339e-02,5.596899999999999792e-02,5.343599999999999739e-02,5.079399999999999887e-02,4.812999999999999917e-02,4.540600000000000191e-02,4.260200000000000098e-02,3.970200000000000118e-02,3.671499999999999764e-02,3.357099999999999668e-02,3.023800000000000099e-02,2.544700000000000087e-02,2.012299999999999853e-02,1.301899999999999932e-02,0.000000000000000000e+00,0.000000000000000000e+00,0.000000000000000000e+00,0.000000000000000000e+00,0.000000000000000000e+00,0.000000000000000000e+00,0.000000000000000000e+00,0.000000000000000000e+00,0.000000000000000000e+00,0.000000000000000000e+00,0.000000000000000000e+00,0.000000000000000000e+00,0.000000000000000000e+00,0.000000000000000000e+00,0.000000000000000000e+00,0.000000000000000000e+00,0.000000000000000000e+00,0.000000000000000000e+00
9.794799999999999340e-02,9.612300000000000011e-02,9.427900000000000169e-02,9.185699999999999421e-02,9.009300000000000641e-02,8.773999999999999855e-02,8.610199999999999798e-02,8.403199999999999559e-02,8.195500000000000007e-02,7.943600000000000660e-02,7.750899999999999457e-02,7.520000000000000295e-02,7.298899999999999832e-02,7.083399999999999419e-02,6.849500000000000033e-02,6.618499999999999384e-02,6.371799999999999686e-02,6.133199999999999763e-02,5.883399999999999741e-02,5.630600000000000188e-02,5.372999999999999998e-02,5.108499999999999847e-02,4.839299999999999852e-02,4.567100000000000326e-02,4.285900000000000126e-02,3.997499999999999665e-02,3.695500000000000174e-02,3.375700000000000228e-02,3.016200000000000131e-02,2.485300000000000009e-02,2.009700000000000028e-02,1.301700000000000079e-02,9.999999999999999547e-07,0.000000000000000000e+00,0.000000000000000000e+00,0.000000000000000000e+00,0.000000000000000000e+00,0.000000000000000000e+00,0.000000000000000000e+00,0.000000000000000000e+00,0.000000000000000000e+00,0.000000000000000000e+00,0.000000000000000000e+00,0.000000000000000000e+00,0.000000000000000000e+00,0.000000000000000000e+00,0.000000000000000000e+00,0.000000000000000000e+00,0.000000000000000000e+00,0.000000000000000000e+00
9.808200000000000252e-02,9.616600000000000148e-02,9.430199999999999694e-02,9.259100000000000663e-02,9.024400000000000477e-02,8.847499999999999809e-02,8.622100000000000597e-02,8.404000000000000359e-02,8.196499999999999619e-02,7.999900000000000067e-02,7.764999999999999680e-02,7.563599999999999490e-02,7.347099999999999465e-02,7.094899999999999818e-02,6.881199999999999817e-02,6.630500000000000282e-02,6.406000000000000583e-02,6.164900000000000241e-02,5.916199999999999931e-02,5.659899999999999654e-02,5.403899999999999676e-02,5.139900000000000024e-02,4.873299999999999854e-02,4.595599999999999685e-02,4.312599999999999767e-02,4.021399999999999975e-02,3.721300000000000302e-02,3.403899999999999981e-02,3.055199999999999930e-02,2.539599999999999844e-02,2.013200000000000059e-02,1.303299999999999945e-02,3.999999999999999819e-06,0.000000000000000000e+00,0.000000000000000000e+00,0.000000000000000000e+00,0.000000000000000000e+00,0.000000000000000000e+00,0.000000000000000000e+00,0.000000000000000000e+00,0.000000000000000000e+00,0.000000000000000000e+00,0.000000000000000000e+00,0.000000000000000000e+00,0.000000000000000000e+00,0.000000000000000000e+00,0.000000000000000000e+00,0.000000000000000000e+00,0.000000000000000000e+00,0.000000000000000000e+00
9.886999999999999955e-02,9.705600000000000338e-02,9.512400000000000022e-02,9.264999999999999625e-02,9.089999999999999469e-02,8.855699999999999683e-02,8.692400000000000126e-02,8.475000000000000588e-02,8.263299999999999812e-02,8.048199999999999799e-02,7.812900000000000400e-02,7.584599999999999675e-02,7.353600000000000414e-02,7.143499999999999850e-02,6.900599999999999790e-02,6.666900000000000603e-02,6.437299999999999967e-02,6.184900000000000120e-02,5.938700000000000229e-02,5.683599999999999763e-02,5.432700000000000029e-02,5.170799999999999702e-02,4.901799999999999907e-02,4.625499999999999751e-02,4.342000000000000026e-02,4.048700000000000215e-02,3.745600000000000318e-02,3.427199999999999691e-02,3.058599999999999861e-02,2.539999999999999897e-02,2.090799999999999950e-02,1.302000000000000032e-02,0.000000000000000000e+00,0.000000000000000000e+00,0.000000000000000000e+00,0.000000000000000000e+00,0.000000000000000000e+00,0.000000000000000000e+00,0.000000000000000000e+00,0.000000000000000000e+00,0.000000000000000000e+00,0.000000000000000000e+00,0.000000000000000000e+00,0.000000000000000000e+00,0.000000000000000000e+00,0.000000000000000000e+00,0.000000000000000000e+00,0.000000000000000000e+00,0.000000000000000000e+00,0.000000000000000000e+00
9.898300000000000154e-02,9.705800000000000538e-02,9.525599999999999346e-02,9.341000000000000691e-02,9.103799999999999393e-02,8.927699999999999525e-02,8.694899999999999851e-02,8.478399999999999825e-02,8.265799999999999537e-02,8.064799999999999747e-02,7.866499999999999881e-02,7.633900000000000408e-02,7.406999999999999695e-02,7.190499999999999670e-02,6.945400000000000185e-02,6.711399999999999311e-02,6.471000000000000363e-02,6.215600000000000291e-02,5.977500000000000174e-02,5.717099999999999960e-02,5.461499999999999688e-02,5.201900000000000274e-02,4.928099999999999842e-02,4.651700000000000279e-02,4.366899999999999948e-02,4.073899999999999744e-02,3.769900000000000334e-02,3.453799999999999926e-02,3.108199999999999852e-02,2.582699999999999926e-02,2.014600000000000071e-02,1.301899999999999932e-02,0.000000000000000000e+00,0.000000000000000000e+00,0.000000000000000000e+00,0.000000000000000000e+00,0.000000000000000000e+00,0.000000000000000000e+00,0.000000000000000000e+00,0.000000000000000000e+00,0.000000000000000000e+00,0.000000000000000000e+00,0.000000000000000000e+00,0.000000000000000000e+00,0.000000000000000000e+00,0.000000000000000000e+00,0.000000000000000000e+00,0.000000000000000000e+00,0.000000000000000000e+00,0.000000000000000000e+00
9.965000000000000246e-02,9.797300000000000453e-02,9.563499999999999779e-02,9.347099999999999853e-02,9.173199999999999410e-02,8.931300000000000350e-02,8.770500000000000518e-02,8.546900000000000330e-02,8.333899999999999642e-02,8.129500000000000615e-02,7.877699999999999980e-02,7.680399999999999727e-02,7.457300000000000040e-02,7.202799999999999481e-02,6.989599999999999980e-02,6.753499999999999781e-02,6.497400000000000397e-02,6.252599999999999825e-02,6.014200000000000101e-02,5.751400000000000262e-02,5.492799999999999766e-02,5.230200000000000127e-02,4.958300000000000207e-02,4.680999999999999744e-02,4.394699999999999995e-02,4.102999999999999703e-02,3.793900000000000050e-02,3.475199999999999817e-02,3.141100000000000142e-02,2.585900000000000004e-02,2.099900000000000030e-02,1.302000000000000032e-02,0.000000000000000000e+00,0.000000000000000000e+00,0.000000000000000000e+00,0.000000000000000000e+00,0.000000000000000000e+00,0.000000000000000000e+00,0.000000000000000000e+00,0.000000000000000000e+00,0.000000000000000000e+00,0.000000000000000000e+00,0.000000000000000000e+00,0.000000000000000000e+00,0.000000000000000000e+00,0.000000000000000000e+00,0.000000000000000000e+00,0.000000000000000000e+00,0.000000000000000000e+00,0.000000000000000000e+00
9.994100000000000206e-02,9.801999999999999602e-02,9.613800000000000123e-02,9.428100000000000369e-02,9.190500000000000058e-02,9.008399999999999741e-02,8.772900000000000142e-02,8.568499999999999728e-02,8.342099999999999516e-02,8.129100000000000215e-02,7.935200000000000586e-02,7.692899999999999738e-02,7.465499999999999914e-02,7.247000000000000663e-02,7.013900000000000690e-02,6.767299999999999705e-02,6.534800000000000331e-02,6.289899999999999658e-02,6.036199999999999899e-02,5.781000000000000028e-02,5.525900000000000256e-02,5.263500000000000123e-02,4.996300000000000047e-02,4.717099999999999765e-02,4.428100000000000092e-02,4.129300000000000331e-02,3.819700000000000178e-02,3.500400000000000039e-02,3.167999999999999983e-02,2.705799999999999872e-02,2.016400000000000137e-02,1.403300000000000033e-02,0.000000000000000000e+00,0.000000000000000000e+00,0.000000000000000000e+00,0.000000000000000000e+00,0.000000000000000000e+00,0.000000000000000000e+00,0.000000000000000000e+00,0.000000000000000000e+00,0.000000000000000000e+00,0.000000000000000000e+00,0.000000000000000000e+00,0.000000000000000000e+00,0.000000000000000000e+00,0.000000000000000000e+00,0.000000000000000000e+00,0.000000000000000000e+00,0.000000000000000000e+00,0.000000000000000000e+00
1.002299999999999996e-01,9.812600000000000489e-02,9.616199999999999748e-02,9.433199999999999918e-02,9.256599999999999551e-02,9.013200000000000378e-02,8.847599999999999909e-02,8.619200000000000472e-02,8.404399999999999371e-02,8.195700000000000207e-02,7.970099999999999407e-02,7.750999999999999557e-02,7.517300000000000371e-02,7.297900000000000220e-02,7.046600000000000086e-02,6.805500000000000438e-02,6.574299999999999589e-02,6.328000000000000291e-02,6.071900000000000214e-02,5.816000000000000336e-02,5.555199999999999722e-02,5.293799999999999895e-02,5.020100000000000257e-02,4.744799999999999712e-02,4.453800000000000120e-02,4.157000000000000278e-02,3.847400000000000125e-02,3.526699999999999974e-02,3.175399999999999751e-02,2.658800000000000052e-02,2.041099999999999859e-02,1.375600000000000087e-02,0.000000000000000000e+00,0.000000000000000000e+00,0.000000000000000000e+00,0.000000000000000000e+00,0.000000000000000000e+00,0.000000000000000000e+00,0.000000000000000000e+00,0.000000000000000000e+00,0.000000000000000000e+00,0.000000000000000000e+00,0.000000000000000000e+00,0.000000000000000000e+00,0.000000000000000000e+00,0.000000000000000000e+00,0.000000000000000000e+00,0.000000000000000000e+00,0.000000000000000000e+00,0.000000000000000000e+00
1.009099999999999997e-01,9.901000000000000079e-02,9.705300000000000038e-02,9.517100000000000559e-02,9.272600000000000287e-02,9.090700000000000169e-02,8.850800000000000334e-02,8.652700000000000669e-02,8.430899999999999506e-02,8.201100000000000056e-02,7.998900000000000454e-02,7.759099999999999331e-02,7.540499999999999980e-02,7.300600000000000145e-02,7.090799999999999881e-02,6.850100000000000633e-02,6.610099999999999310e-02,6.365300000000000125e-02,6.104400000000000104e-02,5.849399999999999739e-02,5.588200000000000112e-02,5.322000000000000342e-02,5.051699999999999940e-02,4.767799999999999816e-02,4.482300000000000173e-02,4.179999999999999688e-02,3.872300000000000048e-02,3.553100000000000008e-02,3.202900000000000191e-02,2.757000000000000076e-02,2.018899999999999861e-02,1.418900000000000022e-02,8.260000000000000198e-04,0.000000000000000000e+00,0.000000000000000000e+00,0.000000000000000000e+00,0.000000000000000000e+00,0.000000000000000000e+00,0.000000000000000000e+00,0.000000000000000000e+00,0.000000000000000000e+00,0.000000000000000000e+00,0.000000000000000000e+00,0.000000000000000000e+00,0.000000000000000000e+00,0.000000000000000000e+00,0.000000000000000000e+00,0.000000000000000000e+00,0.000000000000000000e+00,0.000000000000000000e+00
1.010380000000000028e-01,9.903499999999999803e-02,9.707200000000000550e-02,9.523399999999999921e-02,9.342799999999999716e-02,9.099000000000000143e-02,8.927300000000000513e-02,8.695700000000000651e-02,8.475199999999999401e-02,8.264000000000000512e-02,8.061599999999999322e-02,7.814699999999999425e-02,7.582099999999999951e-02,7.352799999999999614e-02,7.134799999999999476e-02,6.895999999999999353e-02,6.641700000000000381e-02,6.393200000000000272e-02,6.137600000000000000e-02,5.882500000000000229e-02,5.620700000000000002e-02,5.352200000000000013e-02,5.076900000000000163e-02,4.794899999999999857e-02,4.505100000000000077e-02,4.207799999999999735e-02,3.898700000000000082e-02,3.578800000000000037e-02,3.234800000000000175e-02,2.724100000000000132e-02,2.119800000000000156e-02,1.402600000000000027e-02,0.000000000000000000e+00,0.000000000000000000e+00,0.000000000000000000e+00,0.000000000000000000e+00,0.000000000000000000e+00,0.000000000000000000e+00,0.000000000000000000e+00,0.000000000000000000e+00,0.000000000000000000e+00,0.000000000000000000e+00,0.000000000000000000e+00,0.000000000000000000e+00,0.000000000000000000e+00,0.000000000000000000e+00,0.000000000000000000e+00,0.000000000000000000e+00,0.000000000000000000e+00,0.000000000000000000e+00
1.018239999999999978e-01,1.000010000000000066e-01,9.803800000000000014e-02,9.600899999999999712e-02,9.353100000000000303e-02,9.174400000000000610e-02,8.930899999999999950e-02,8.756799999999999307e-02,8.546600000000000030e-02,8.332599999999999729e-02,8.076600000000000446e-02,7.871899999999999731e-02,7.634799999999999920e-02,7.407600000000000295e-02,7.166500000000000647e-02,6.922499999999999487e-02,6.667599999999999916e-02,6.422899999999999443e-02,6.171700000000000103e-02,5.917399999999999743e-02,5.654599999999999904e-02,5.383099999999999691e-02,5.109500000000000153e-02,4.825600000000000028e-02,4.535899999999999654e-02,4.238299999999999707e-02,3.929499999999999660e-02,3.604199999999999765e-02,3.260199999999999904e-02,2.751800000000000079e-02,2.117300000000000085e-02,1.391300000000000002e-02,0.000000000000000000e+00,0.000000000000000000e+00,0.000000000000000000e+00,0.000000000000000000e+00,0.000000000000000000e+00,0.000000000000000000e+00,0.000000000000000000e+00,0.000000000000000000e+00,0.000000000000000000e+00,0.000000000000000000e+00,0.000000000000000000e+00,0.000000000000000000e+00,0.000000000000000000e+00,0.000000000000000000e+00,0.000000000000000000e+00,0.000000000000000000e+00,0.000000000000000000e+00,0.000000000000000000e+00
1.019909999999999983e-01,1.000230000000000008e-01,9.803199999999999414e-02,9.615500000000000436e-02,9.428200000000000469e-02,9.185699999999999421e-02,9.006100000000000216e-02,8.771500000000000130e-02,8.550000000000000655e-02,8.332599999999999729e-02,8.129200000000000315e-02,7.883500000000000230e-02,7.662599999999999967e-02,7.414900000000000657e-02,7.193199999999999594e-02,6.946499999999999897e-02,6.710800000000000098e-02,6.455199999999999827e-02,6.210600000000000148e-02,5.952899999999999858e-02,5.688100000000000100e-02,5.418300000000000199e-02,5.143699999999999661e-02,4.856699999999999906e-02,4.569600000000000051e-02,4.266799999999999760e-02,3.953899999999999776e-02,3.634300000000000030e-02,3.292199999999999988e-02,2.820100000000000037e-02,2.123500000000000040e-02,1.402699999999999954e-02,0.000000000000000000e+00,0.000000000000000000e+00,0.000000000000000000e+00,0.000000000000000000e+00,0.000000000000000000e+00,0.000000000000000000e+00,0.000000000000000000e+00,0.000000000000000000e+00,0.000000000000000000e+00,0.000000000000000000e+00,0.000000000000000000e+00,0.000000000000000000e+00,0.000000000000000000e+00,0.000000000000000000e+00,0.000000000000000000e+00,0.000000000000000000e+00,0.000000000000000000e+00,0.000000000000000000e+00
1.025510000000000033e-01,1.009680000000000022e-01,9.898999999999999466e-02,9.687800000000000578e-02,9.435999999999999943e-02,9.257500000000000451e-02,9.019399999999999640e-02,8.844599999999999684e-02,8.620500000000000385e-02,8.403599999999999959e-02,8.186899999999999733e-02,7.938199999999999423e-02,7.703599999999999337e-02,7.463999999999999801e-02,7.244399999999999451e-02,6.994899999999999729e-02,6.755800000000000693e-02,6.502499999999999947e-02,6.248700000000000088e-02,5.990499999999999992e-02,5.725800000000000334e-02,5.450300000000000283e-02,5.170199999999999796e-02,4.885199999999999959e-02,4.595400000000000179e-02,4.293799999999999700e-02,3.980999999999999817e-02,3.656000000000000222e-02,3.309200000000000336e-02,2.815600000000000047e-02,2.131100000000000008e-02,1.494799999999999948e-02,0.000000000000000000e+00,0.000000000000000000e+00,0.000000000000000000e+00,0.000000000000000000e+00,0.000000000000000000e+00,0.000000000000000000e+00,0.000000000000000000e+00,0.000000000000000000e+00,0.000000000000000000e+00,0.000000000000000000e+00,0.000000000000000000e+00,0.000000000000000000e+00,0.000000000000000000e+00,0.000000000000000000e+00,0.000000000000000000e+00,0.000000000000000000e+00,0.000000000000000000e+00,0.000000000000000000e+00
1.029769999999999991e-01,1.010189999999999977e-01,9.900699999999999779e-02,9.710100000000000675e-02,9.517100000000000559e-02,9.271699999999999386e-02,9.088699999999999557e-02,8.850600000000000134e-02,8.625599999999999934e-02,8.404699999999999671e-02,8.196900000000000019e-02,7.992000000000000492e-02,7.751800000000000357e-02,7.518400000000000083e-02,7.286199999999999621e-02,7.040200000000000624e-02,6.795900000000000551e-02,6.537800000000000555e-02,6.285300000000000609e-02,6.023300000000000182e-02,5.754499999999999893e-02,5.486499999999999710e-02,5.206899999999999723e-02,4.921199999999999880e-02,4.626600000000000157e-02,4.323199999999999960e-02,4.008300000000000057e-02,3.686600000000000293e-02,3.343700000000000144e-02,2.881200000000000080e-02,2.127499999999999877e-02,1.499299999999999938e-02,0.000000000000000000e+00,0.000000000000000000e+00,0.000000000000000000e+00,0.000000000000000000e+00,0.000000000000000000e+00,0.000000000000000000e+00,0.000000000000000000e+00,0.000000000000000000e+00,0.000000000000000000e+00,0.000000000000000000e+00,0.000000000000000000e+00,0.000000000000000000e+00,0.000000000000000000e+00,0.000000000000000000e+00,0.000000000000000000e+00,0.000000000000000000e+00,0.000000000000000000e+00,0.000000000000000000e+00
1.031470000000000026e-01,1.011520000000000058e-01,9.905799999999999328e-02,9.710299999999999487e-02,9.523500000000000021e-02,9.342100000000000404e-02,9.092500000000000582e-02,8.922599999999999976e-02,8.696500000000000064e-02,8.473200000000000176e-02,8.265200000000000324e-02,8.002800000000000191e-02,7.787600000000000078e-02,7.543900000000000605e-02,7.301000000000000545e-02,7.055699999999999472e-02,6.804899999999999838e-02,6.570299999999999752e-02,6.308500000000000218e-02,6.054999999999999966e-02,5.785599999999999771e-02,5.516999999999999682e-02,5.236099999999999782e-02,4.949699999999999933e-02,4.656400000000000122e-02,4.352999999999999925e-02,4.038200000000000123e-02,3.712499999999999828e-02,3.370100000000000179e-02,2.892099999999999879e-02,2.220799999999999857e-02,1.401499999999999968e-02,0.000000000000000000e+00,0.000000000000000000e+00,0.000000000000000000e+00,0.000000000000000000e+00,0.000000000000000000e+00,0.000000000000000000e+00,0.000000000000000000e+00,0.000000000000000000e+00,0.000000000000000000e+00,0.000000000000000000e+00,0.000000000000000000e+00,0.000000000000000000e+00,0.000000000000000000e+00,0.000000000000000000e+00,0.000000000000000000e+00,0.000000000000000000e+00,0.000000000000000000e+00,0.000000000000000000e+00
1.039759999999999990e-01,1.020579999999999959e-01,1.000010000000000066e-01,9.804499999999999327e-02,9.612700000000000411e-02,9.360699999999999577e-02,9.171500000000000485e-02,8.933099999999999374e-02,8.719599999999999573e-02,8.482099999999999362e-02,8.264799999999999924e-02,8.063499999999999834e-02,7.813199999999999312e-02,7.577599999999999614e-02,7.352499999999999314e-02,7.102300000000000280e-02,6.850900000000000045e-02,6.614699999999999747e-02,6.358800000000000563e-02,6.094999999999999724e-02,5.825000000000000316e-02,5.549599999999999672e-02,5.267700000000000160e-02,4.981300000000000311e-02,4.686799999999999994e-02,4.381600000000000078e-02,4.065900000000000070e-02,3.741599999999999787e-02,3.395100000000000201e-02,2.845500000000000113e-02,2.220199999999999951e-02,1.403800000000000013e-02,0.000000000000000000e+00,0.000000000000000000e+00,0.000000000000000000e+00,0.000000000000000000e+00,0.000000000000000000e+00,0.000000000000000000e+00,0.000000000000000000e+00,0.000000000000000000e+00,0.000000000000000000e+00,0.000000000000000000e+00,0.000000000000000000e+00,0.000000000000000000e+00,0.000000000000000000e+00,0.000000000000000000e+00,0.000000000000000000e+00,0.000000000000000000e+00,0.000000000000000000e+00,0.000000000000000000e+00
1.041259999999999963e-01,1.021119999999999944e-01,1.000390000000000029e-01,9.805300000000000127e-02,9.613299999999999623e-02,9.431299999999999406e-02,9.183099999999999596e-02,9.004700000000000204e-02,8.771600000000000230e-02,8.547899999999999943e-02,8.334099999999999842e-02,8.094600000000000406e-02,7.871300000000000519e-02,7.634000000000000508e-02,7.401199999999999446e-02,7.144899999999999862e-02,6.898200000000000165e-02,6.651100000000000068e-02,6.382400000000000573e-02,6.122600000000000264e-02,5.850799999999999751e-02,5.582100000000000256e-02,5.300599999999999756e-02,5.016099999999999726e-02,4.719299999999999884e-02,4.415700000000000180e-02,4.097800000000000054e-02,3.767899999999999722e-02,3.420999999999999736e-02,2.974699999999999914e-02,2.228499999999999925e-02,1.406800000000000064e-02,9.650000000000000374e-04,0.000000000000000000e+00,0.000000000000000000e+00,0.000000000000000000e+00,0.000000000000000000e+00,0.000000000000000000e+00,0.000000000000000000e+00,0.000000000000000000e+00,0.000000000000000000e+00,0.000000000000000000e+00,0.000000000000000000e+00,0.000000000000000000e+00,0.000000000000000000e+00,0.000000000000000000e+00,0.000000000000000000e+00,0.000000000000000000e+00,0.000000000000000000e+00,0.000000000000000000e+00
1.048999999999999932e-01,1.030739999999999990e-01,1.010209999999999997e-01,9.900799999999999879e-02,9.703900000000000026e-02,9.450999999999999679e-02,9.258399999999999963e-02,9.012100000000000666e-02,8.815099999999999325e-02,8.603199999999999736e-02,8.364099999999999313e-02,8.130300000000000027e-02,7.904500000000000415e-02,7.670499999999999541e-02,7.419000000000000594e-02,7.189399999999999957e-02,6.942299999999999860e-02,6.679499999999999327e-02,6.416700000000000181e-02,6.158299999999999885e-02,5.886199999999999766e-02,5.615099999999999952e-02,5.338699999999999696e-02,5.049300000000000316e-02,4.750000000000000056e-02,4.440600000000000103e-02,4.123700000000000282e-02,3.791400000000000325e-02,3.442100000000000021e-02,3.067999999999999894e-02,2.485400000000000109e-02,1.402499999999999927e-02,0.000000000000000000e+00,0.000000000000000000e+00,0.000000000000000000e+00,0.000000000000000000e+00,0.000000000000000000e+00,0.000000000000000000e+00,0.000000000000000000e+00,0.000000000000000000e+00,0.000000000000000000e+00,0.000000000000000000e+00,0.000000000000000000e+00,0.000000000000000000e+00,0.000000000000000000e+00,0.000000000000000000e+00,0.000000000000000000e+00,0.000000000000000000e+00,0.000000000000000000e+00,0.000000000000000000e+00
1.051529999999999965e-01,1.031279999999999974e-01,1.010270000000000057e-01,9.901400000000000479e-02,9.708200000000000163e-02,9.521100000000000396e-02,9.272600000000000287e-02,9.085300000000000320e-02,8.851100000000000634e-02,8.621800000000000297e-02,8.403399999999999759e-02,8.194099999999999995e-02,7.940200000000000036e-02,7.698800000000000088e-02,7.463999999999999801e-02,7.229700000000000015e-02,6.979299999999999393e-02,6.714799999999999935e-02,6.455900000000000527e-02,6.193900000000000100e-02,5.920700000000000268e-02,5.646899999999999836e-02,5.366599999999999843e-02,5.075799999999999756e-02,4.777100000000000096e-02,4.467999999999999750e-02,4.153300000000000047e-02,3.821399999999999797e-02,3.477700000000000236e-02,3.100599999999999884e-02,2.292599999999999846e-02,1.502999999999999996e-02,0.000000000000000000e+00,0.000000000000000000e+00,0.000000000000000000e+00,0.000000000000000000e+00,0.000000000000000000e+00,0.000000000000000000e+00,0.000000000000000000e+00,0.000000000000000000e+00,0.000000000000000000e+00,0.000000000000000000e+00,0.000000000000000000e+00,0.000000000000000000e+00,0.000000000000000000e+00,0.000000000000000000e+00,0.000000000000000000e+00,0.000000000000000000e+00,0.000000000000000000e+00,0.000000000000000000e+00
1.054569999999999952e-01,1.037880000000000053e-01,1.020439999999999958e-01,9.999900000000000455e-02,9.795099999999999640e-02,9.529999999999999583e-02,9.345499999999999641e-02,9.098699999999999843e-02,8.908199999999999452e-02,8.694699999999999651e-02,8.470300000000000051e-02,8.206900000000000306e-02,7.997400000000000342e-02,7.751600000000000157e-02,7.518199999999999883e-02,7.258299999999999474e-02,7.004499999999999615e-02,6.754899999999999793e-02,6.495900000000000285e-02,6.236599999999999783e-02,5.958800000000000208e-02,5.681699999999999945e-02,5.401100000000000345e-02,5.108900000000000247e-02,4.808199999999999974e-02,4.499299999999999827e-02,4.182299999999999907e-02,3.848599999999999938e-02,3.499200000000000227e-02,3.125700000000000006e-02,2.384299999999999961e-02,1.507200000000000033e-02,0.000000000000000000e+00,0.000000000000000000e+00,0.000000000000000000e+00,0.000000000000000000e+00,0.000000000000000000e+00,0.000000000000000000e+00,0.000000000000000000e+00,0.000000000000000000e+00,0.000000000000000000e+00,0.000000000000000000e+00,0.000000000000000000e+00,0.000000000000000000e+00,0.000000000000000000e+00,0.000000000000000000e+00,0.000000000000000000e+00,0.000000000000000000e+00,0.000000000000000000e+00,0.000000000000000000e+00
1.061990000000000017e-01,1.041730000000000017e-01,1.020559999999999939e-01,1.000059999999999977e-01,9.804400000000000615e-02,9.614599999999999536e-02,9.361800000000000677e-02,9.171799999999999398e-02,8.929700000000000137e-02,8.699199999999999988e-02,8.475299999999999501e-02,8.263099999999999612e-02,8.020800000000000152e-02,7.792300000000000615e-02,7.542100000000000193e-02,7.298100000000000420e-02,7.043900000000000161e-02,6.798800000000000676e-02,6.537300000000000055e-02,6.268400000000000361e-02,5.992700000000000110e-02,5.714400000000000035e-02,5.437399999999999872e-02,5.144699999999999968e-02,4.842199999999999976e-02,4.529799999999999799e-02,4.213100000000000178e-02,3.882599999999999940e-02,3.529199999999999698e-02,3.146199999999999691e-02,2.367599999999999913e-02,1.505800000000000020e-02,0.000000000000000000e+00,0.000000000000000000e+00,0.000000000000000000e+00,0.000000000000000000e+00,0.000000000000000000e+00,0.000000000000000000e+00,0.000000000000000000e+00,0.000000000000000000e+00,0.000000000000000000e+00,0.000000000000000000e+00,0.000000000000000000e+00,0.000000000000000000e+00,0.000000000000000000e+00,0.000000000000000000e+00,0.000000000000000000e+00,0.000000000000000000e+00,0.000000000000000000e+00,0.000000000000000000e+00
1.063390000000000030e-01,1.043150000000000049e-01,1.024130000000000040e-01,1.001890000000000003e-01,9.804200000000000415e-02,9.615100000000000036e-02,9.433199999999999918e-02,9.177100000000000535e-02,9.002499999999999392e-02,8.771500000000000130e-02,8.547699999999999743e-02,8.320500000000000118e-02,8.064599999999999547e-02,7.822199999999999986e-02,7.578100000000000114e-02,7.349999999999999589e-02,7.093700000000000006e-02,6.846299999999999608e-02,6.580400000000000138e-02,6.307400000000000506e-02,6.028200000000000225e-02,5.750199999999999756e-02,5.469099999999999656e-02,5.175899999999999945e-02,4.874499999999999666e-02,4.561400000000000177e-02,4.241899999999999837e-02,3.905800000000000244e-02,3.557099999999999845e-02,3.172099999999999920e-02,2.462999999999999912e-02,1.508199999999999992e-02,9.840000000000000656e-04,0.000000000000000000e+00,0.000000000000000000e+00,0.000000000000000000e+00,0.000000000000000000e+00,0.000000000000000000e+00,0.000000000000000000e+00,0.000000000000000000e+00,0.000000000000000000e+00,0.000000000000000000e+00,0.000000000000000000e+00,0.000000000000000000e+00,0.000000000000000000e+00,0.000000000000000000e+00,0.000000000000000000e+00,0.000000000000000000e+00,0.000000000000000000e+00,0.000000000000000000e+00
1.072049999999999947e-01,1.052609999999999935e-01,1.031090000000000062e-01,1.010159999999999947e-01,9.901200000000000279e-02,9.707899999999999863e-02,9.460599999999999565e-02,9.256499999999999451e-02,9.013999999999999790e-02,8.783799999999999941e-02,8.554000000000000492e-02,8.332499999999999629e-02,8.125599999999999490e-02,7.874699999999999755e-02,7.634000000000000508e-02,7.391799999999999760e-02,7.138200000000000101e-02,6.877099999999999880e-02,6.612200000000000022e-02,6.340500000000000302e-02,6.063299999999999940e-02,5.786100000000000271e-02,5.499799999999999828e-02,5.208000000000000129e-02,4.908300000000000163e-02,4.600699999999999928e-02,4.277100000000000346e-02,3.939000000000000140e-02,3.588000000000000217e-02,3.203399999999999997e-02,2.436400000000000024e-02,1.504899999999999988e-02,0.000000000000000000e+00,0.000000000000000000e+00,0.000000000000000000e+00,0.000000000000000000e+00,0.000000000000000000e+00,0.000000000000000000e+00,0.000000000000000000e+00,0.000000000000000000e+00,0.000000000000000000e+00,0.000000000000000000e+00,0.000000000000000000e+00,0.000000000000000000e+00,0.000000000000000000e+00,0.000000000000000000e+00,0.000000000000000000e+00,0.000000000000000000e+00,0.000000000000000000e+00,0.000000000000000000e+00
